 {
    "courses": [
        {
            "courseName": "Python",
            "courseDesc": "Learn A-Z everything about Python",
            "courseTutor": "Mike"

        },
        {
            "courseName": "JavaScript",
            "courseDesc": "JavaScript crash course for beginners",
            "courseTutor": "Alexis"
        },
        {
            "courseName": "SQL and data analysis",
            "courseDesc": "java desc",
            "courseTutor": "SQL for data analysis"
        }
    ]
}